long,lat,survivors,direction,group,city
24,54.9,340000,Advance,1,Kowno
24.5,55,340000,Advance,1,
25.5,54.5,340000,Advance,1,
26,54.7,320000,Advance,1,Smorgoni
27,54.8,300000,Advance,1,
28,54.9,280000,Advance,1,Gloubokoe
28.5,55,240000,Advance,1,Polotzk
29,55.1,210000,Advance,1,
30,55.2,180000,Advance,1,
30.3,55.3,175000,Advance,1,Witebsk
32,54.8,145000,Advance,1,
33.2,54.9,140000,Advance,1,
34.4,55.5,127100,Advance,1,Chjat
35.5,55.4,100000,Advance,1,
36,55.5,100000,Advance,1,
37.6,55.8,100000,Advance,1,Moscou
24,55.1,60000,Advance,2,
24.5,55.2,60000,Advance,2,
25.5,54.7,60000,Advance,2,
26.6,55.7,40000,Advance,2,
27.4,55.6,33000,Advance,2,
28.7,55.5,33000,Advance,2,
24,55.2,22000,Advance,3,
24.5,55.3,22000,Advance,3,
24.6,55.8,6000,Advance,3,
37.7,55.7,100000,Retreat,1,Moscou
37.5,55.7,98000,Retreat,1,
37,55,97000,Retreat,1,
36.8,55,96000,Retreat,1,Mojaisk
35.4,55.3,87000,Retreat,1,
34.3,55.2,55000,Retreat,1,
33.3,54.8,37000,Retreat,1,Dorogobouge
28.7,55.5,33000,Retreat,2,
29.2,54.2,30000,Retreat,2,
28.5,54.1,30000,Retreat,2,
28.3,54.2,28000,Retreat,2,
32,54.6,24000,Retreat,1,Smolensk
30.4,54.4,20000,Retreat,1,
29.2,54.3,20000,Retreat,1,Bobr
28.5,54.2,20000,Retreat,1,Studienska
28.3,54.3,20000,Retreat,1,
27.5,54.5,20000,Retreat,1,Minsk
26.4,54.4,14000,Retreat,1,
26.8,54.3,12000,Retreat,1,Moiodexno
25,54.4,8000,Retreat,1,
24.6,55.8,6000,Retreat,3,
24.2,54.4,6000,Retreat,3,
24.1,54.4,6000,Retreat,3,
24.4,54.4,4000,Retreat,1,Wilna
24.2,54.4,4000,Retreat,1,
24.1,54.4,4000,Retreat,1,